{
  "train_r2": 0.9760565786339424,
  "train_mse": 19.154675231280297,
  "train_rmse": 4.376605446151195,
  "test_r2": 0.8885524814760504,
  "test_mse": 68.71096825614632,
  "test_rmse": 8.289207939009994,
  "cv_r2_mean": 0.8825355486998246,
  "cv_r2_std": 0.029156921975371446,
  "cv_r2_scores": [
    0.8841619456680849,
    0.9061466822153359,
    0.8708382921453536,
    0.9173707261941618,
    0.8341600972761869
  ],
  "feature_importance": {
    "Hours_Worked": 0.2087035638141965,
    "Sleep_Hours": 0.4550954283489434,
    "Bugs": 0.019390011593673203,
    "Deadline_Days": 0.07153177129699567,
    "Coffee_Cups": 0.00691380536676596,
    "Meetings": 0.11378008853292594,
    "Interruptions": 0.1181644541115832,
    "Experience_Years": 0.0021625047611794,
    "Code_Complexity": 0.002857814141095757,
    "Remote_Work": 0.0014005580326410568
  }
}